Workbook
Name TechnicianList: _xlfn.ANCHORARRAY(Lists!$B$13)

Sheet SOW Tasks
C1: =IF(B6="","Technician Scope of Works","Technician Scope of Works - "&B6) -> Technician Scope of Works - CSS092
C2: Tracker & sign‑off sheet
A5: Project Details | C5: General Notes / Preconditions
A6: Project | B6: CSS092 | C6: • All works to comply with site WHS, isolation/LOTO and permit requirements. • Technician to confirm latest drawings/approved configuration before modifications. • Record pre‑works condition with photos; record any ‘as‑found’ defects as notes/NCRs. • Provide completion evidence: photos, test results (where applicable), and sign‑off.
A7: Client | B7: T2D
A8: Site / Location | B8: Adelaide, Waterloo
A9: Work Order / Ref
A10: Prepared By | B10: Chris H
A11: Prepared Date | B11: 46097
A12: Revision | B12: 1
A13: ID | B13: Item | C13: Task / Scope Description | D13: Discipline | E13: Priority | F13: Dependencies / Permits | G13: Acceptance Criteria / Tests | H13: Assigned To | I13: Status | J13: % Complete | K13: Planned Start | L13: Planned Finish | M13: Overdue | N13: Actual Hours (from Log) | O13: Completion Evidence
A14: =IF(C14="","",COUNTIF(C$14:C14,"<>")) -> 1 | B14: Shunt Trip Design | C14: Review CSS092 Sub 1 shunt trip matrix against drawings and confirm design intent for Q11-1 versus Q11-3 operation. | D14: Protection | E14: P1 - Critical | F14: Issued drawings / schematic review. | G14: Engineering confirmation issued that only E-stop should trip Q11-3; transformer-related trips act on Q11-1 only. | H14: Mark Constable | I14: Complete | J14: =IF(I14="Complete",100,IF(I14="In Progress",50,IF(I14="Not Started",0,IF(I14="On Hold",0,IF(I14="Blocked",0,""))))) -> 100 | K14: 46077 | L14: 46077 | M14: =IF(AND(L14<TODAY(),I14<>"Complete",L14<>""),"YES","") | N14: =IF(A14="","",SUMIF(DailyLog[Task ID],A14,DailyLog[Hours])) -> 0 | O14: 24/02/2026 Mark confirmed only the E-stop should trip Q11-3 and advised site metering test to confirm any unintended voltage on the Q11-3 shunt coil.
A15: =IF(C15="","",COUNTIF(C$14:C15,"<>")) -> 2 | B15: Shunt Trip Verification | C15: Perform on-site functional test of the shunt trip circuits, meter the Q11-3 shunt coil during temp/arc simulation, and rectify wiring if Q11-3 receives unintended trip voltage. | D15: Protection | E15: P1 - Critical | F15: Shutdown / HV access permit; agreed test method; engineer support if rectification is required. | G15: Q11-3 remains closed for transformer-related trip simulation and recorded test results show no unintended trip voltage applied to its shunt coil. | H15: PBE Technician | I15: In Progress | J15: =IF(I15="Complete",100,IF(I15="In Progress",50,IF(I15="Not Started",0,IF(I15="On Hold",0,IF(I15="Blocked",0,""))))) -> 50 | M15: =IF(AND(L15<TODAY(),I15<>"Complete",L15<>""),"YES","") | N15: =IF(A15="","",SUMIF(DailyLog[Task ID],A15,DailyLog[Hours])) -> 0 | O15: Engineering intent confirmed in email, but no searched email showed completed field verification or rectification sign-off.
A16: =IF(C16="","",COUNTIF(C$14:C16,"<>")) -> 3 | B16: TX Temp Controller | C16: Confirm BWD-3K130 transformer temperature controller operation using simulation mode and verify alarm / trip outputs for CSS092. | D16: Testing | E16: P2 - High | F16: Shutdown / HV access and latest controller manual. | G16: Simulation proves controller outputs operate correctly and test results are captured. | H16: PBE Technician | I16: In Progress | J16: =IF(I16="Complete",100,IF(I16="In Progress",50,IF(I16="Not Started",0,IF(I16="On Hold",0,IF(I16="Blocked",0,""))))) -> 50 | M16: =IF(AND(L16<TODAY(),I16<>"Complete",L16<>""),"YES","") | N16: =IF(A16="","",SUMIF(DailyLog[Task ID],A16,DailyLog[Hours])) -> 0 | O16: 27/02/2026 email set out intended operation and practical test steps, but no returned test record was sighted in the searched emails.
A17: =IF(C17="","",COUNTIF(C$14:C17,"<>")) -> 4 | B17: Transformer Fan | C17: Identify the faulty transformer fan motor / sensor, source a suitable spare or replacement, install it, and prove correct fan operation. | D17: Mechanical | E17: P2 - High | F17: Shutdown of Sub 1 / batch plant; photos or nameplate details; parts availability. | G17: Replacement fan / sensor fitted, fan fault cleared, and fan operation proven under controller output. | H17: PBE Workshop | I17: In Progress | J17: =IF(I17="Complete",100,IF(I17="In Progress",50,IF(I17="Not Started",0,IF(I17="On Hold",0,IF(I17="Blocked",0,""))))) -> 50 | M17: =IF(AND(L17<TODAY(),I17<>"Complete",L17<>""),"YES","") | N17: =IF(A17="","",SUMIF(DailyLog[Task ID],A17,DailyLog[Hours])) -> 0 | O17: 24/02/2026 to 05/03/2026 emails show the fan fault was raised, photos / nameplate details were requested, and PBE was looking to use a spare from another sub.
A18: =IF(C18="","",COUNTIF(C$14:C18,"<>")) -> 5 | B18: Shutdown / Access | C18: Coordinate weekend shutdown window, HV access permits, and technician availability for CSS092 fan / controller rectification works. | D18: General | E18: P2 - High | F18: T2D production window, HV access permit, and technician availability. | G18: Shutdown / permit confirmed and technician booked to complete outstanding rectification works. | H18: Chris Hoogwerf | I18: Blocked | J18: =IF(I18="Complete",100,IF(I18="In Progress",50,IF(I18="Not Started",0,IF(I18="On Hold",0,IF(I18="Blocked",0,""))))) -> 0 | M18: =IF(AND(L18<TODAY(),I18<>"Complete",L18<>""),"YES","") | N18: =IF(A18="","",SUMIF(DailyLog[Task ID],A18,DailyLog[Hours])) -> 0 | O18: 05/03/2026 Brendan advised site would be in full production from 16/03/2026 and outstanding works would need to move to weekends.
A19: =IF(C19="","",COUNTIF(C$14:C19,"<>")) -> 6 | B19: Remote Start Cabling | C19: Connect remote start controls into the CSS092 emergency genset and ATS during shutdown. | D19: Switchboard | E19: P1 - Critical | F19: Approved shutdown / isolation window. | G19: Remote start control cabling terminated and ready for functional testing. | H19: James Schaedel / Adelpower | I19: Complete | J19: =IF(I19="Complete",100,IF(I19="In Progress",50,IF(I19="Not Started",0,IF(I19="On Hold",0,IF(I19="Blocked",0,""))))) -> 100 | K19: 46089 | L19: 46089 | M19: =IF(AND(L19<TODAY(),I19<>"Complete",L19<>""),"YES","") | N19: =IF(A19="","",SUMIF(DailyLog[Task ID],A19,DailyLog[Hours])) -> 0 | O19: 10/03/2026 James advised that on Sunday 08/03/2026 the remote start controls were connected into the emergency genset and ATS.
A20: =IF(C20="","",COUNTIF(C$14:C20,"<>")) -> 7 | B20: Remote Start Configuration | C20: Diagnose and configure the CSS092 genset remote start digital input so the genset starts automatically from the ATS / remote input. | D20: Testing | E20: P1 - Critical | F20: Laptop / configuration software for genset controller and commissioning window. | G20: Genset starts in AUTO from remote / ATS input. | H20: James Schaedel / Adelpower | I20: Complete | J20: =IF(I20="Complete",100,IF(I20="In Progress",50,IF(I20="Not Started",0,IF(I20="On Hold",0,IF(I20="Blocked",0,""))))) -> 100 | K20: 46091 | L20: 46092 | M20: =IF(AND(L20<TODAY(),I20<>"Complete",L20<>""),"YES","") | N20: =IF(A20="","",SUMIF(DailyLog[Task ID],A20,DailyLog[Hours])) -> 0 | O20: 10/03/2026 James reported CSS092 would not start from remote input; 11/03/2026 he confirmed the CSS092 genset and ATS were commissioned and functional.
A21: =IF(C21="","",COUNTIF(C$14:C21,"<>")) -> 8 | B21: ATS/Genset Commissioning | C21: Complete CSS092 ATS and emergency genset functional commissioning. | D21: Testing | E21: P1 - Critical | F21: Remote start input operational and site available for testing. | G21: ATS and genset commissioned and functional. | H21: James Schaedel / Adelpower | I21: Complete | J21: =IF(I21="Complete",100,IF(I21="In Progress",50,IF(I21="Not Started",0,IF(I21="On Hold",0,IF(I21="Blocked",0,""))))) -> 100 | K21: 46092 | L21: 46092 | M21: =IF(AND(L21<TODAY(),I21<>"Complete",L21<>""),"YES","") | N21: =IF(A21="","",SUMIF(DailyLog[Task ID],A21,DailyLog[Hours])) -> 0 | O21: 11/03/2026 email from James: CSS092 genset and ATS is now commissioned and functional.
A22: =IF(C22="","",COUNTIF(C$14:C22,"<>")) -> 9 | B22: Commissioning Closeout | C22: Issue CSS092 commissioning closeout documents including SAT, eCoC, photos and test sheets. | D22: Testing | E22: P2 - High | F22: SAT template and subcontractor closeout package. | G22: SAT, eCoC, photos and test sheets issued to PBE / client. | H22: James Schaedel / Adelpower | I22: In Progress | J22: =IF(I22="Complete",100,IF(I22="In Progress",50,IF(I22="Not Started",0,IF(I22="On Hold",0,IF(I22="Blocked",0,""))))) -> 50 | M22: =IF(AND(L22<TODAY(),I22<>"Complete",L22<>""),"YES","") | N22: =IF(A22="","",SUMIF(DailyLog[Task ID],A22,DailyLog[Hours])) -> 0 | O22: 10/03/2026 James said eCoC / photos would follow after commissioning; 11/03/2026 he requested the SAT template; no final closeout package was sighted in the searched emails.
A23: =IF(C23="","",COUNTIF(C$14:C23,"<>")) -> 10 | B23: Door Engineering Letter | C23: Prepare and issue an engineering letter covering the as-installed door relocation workaround at CSS092 / associated substation works. | D23: General | E23: P2 - High | F23: Engineer review of the as-installed workaround and supporting design information. | G23: Engineering letter issued to T2D for the implemented workaround. | H23: Engineering | I23: Not Started | J23: =IF(I23="Complete",100,IF(I23="In Progress",50,IF(I23="Not Started",0,IF(I23="On Hold",0,IF(I23="Blocked",0,""))))) -> 0 | K23: 46097 | M23: =IF(AND(L23<TODAY(),I23<>"Complete",L23<>""),"YES","") | N23: =IF(A23="","",SUMIF(DailyLog[Task ID],A23,DailyLog[Hours])) -> 0 | O23: 16/03/2026 Kyle advised the site had already moved the door and requested an engineering letter for the completed works.
A24: =IF(C24="","",COUNTIF(C$14:C24,"<>")) -> 11 | B24: Generator Plant Induction | C24: Arrange T2D plant induction for the two generators associated with CSS092 works. | D24: General | E24: P3 - Medium | F24: T2D plant team requirements and generator details / documents. | G24: Both generators inducted through the plant team. | H24: Chris Hoogwerf | I24: Not Started | J24: =IF(I24="Complete",100,IF(I24="In Progress",50,IF(I24="Not Started",0,IF(I24="On Hold",0,IF(I24="Blocked",0,""))))) -> 0 | K24: 46097 | M24: =IF(AND(L24<TODAY(),I24<>"Complete",L24<>""),"YES","") | N24: =IF(A24="","",SUMIF(DailyLog[Task ID],A24,DailyLog[Hours])) -> 0 | O24: 16/03/2026 Kyle requested that the two generators be plant inducted through the T2D plant team.
A25: =IF(C25="","",COUNTIF(C$14:C25,"<>")) | J25: =IF(I25="Complete",100,IF(I25="In Progress",50,IF(I25="Not Started",0,IF(I25="On Hold",0,IF(I25="Blocked",0,""))))) | M25: =IF(AND(L25<TODAY(),I25<>"Complete",L25<>""),"YES","") | N25: =IF(A25="","",SUMIF(DailyLog[Task ID],A25,DailyLog[Hours]))
A26: =IF(C26="","",COUNTIF(C$14:C26,"<>")) | J26: =IF(I26="Complete",100,IF(I26="In Progress",50,IF(I26="Not Started",0,IF(I26="On Hold",0,IF(I26="Blocked",0,""))))) | M26: =IF(AND(L26<TODAY(),I26<>"Complete",L26<>""),"YES","") | N26: =IF(A26="","",SUMIF(DailyLog[Task ID],A26,DailyLog[Hours]))
A27: =IF(C27="","",COUNTIF(C$14:C27,"<>")) | J27: =IF(I27="Complete",100,IF(I27="In Progress",50,IF(I27="Not Started",0,IF(I27="On Hold",0,IF(I27="Blocked",0,""))))) | M27: =IF(AND(L27<TODAY(),I27<>"Complete",L27<>""),"YES","") | N27: =IF(A27="","",SUMIF(DailyLog[Task ID],A27,DailyLog[Hours]))
A28: =IF(C28="","",COUNTIF(C$14:C28,"<>")) | J28: =IF(I28="Complete",100,IF(I28="In Progress",50,IF(I28="Not Started",0,IF(I28="On Hold",0,IF(I28="Blocked",0,""))))) | M28: =IF(AND(L28<TODAY(),I28<>"Complete",L28<>""),"YES","") | N28: =IF(A28="","",SUMIF(DailyLog[Task ID],A28,DailyLog[Hours]))
A29: =IF(C29="","",COUNTIF(C$14:C29,"<>")) | J29: =IF(I29="Complete",100,IF(I29="In Progress",50,IF(I29="Not Started",0,IF(I29="On Hold",0,IF(I29="Blocked",0,""))))) | M29: =IF(AND(L29<TODAY(),I29<>"Complete",L29<>""),"YES","") | N29: =IF(A29="","",SUMIF(DailyLog[Task ID],A29,DailyLog[Hours]))
A30: =IF(C30="","",COUNTIF(C$14:C30,"<>")) | J30: =IF(I30="Complete",100,IF(I30="In Progress",50,IF(I30="Not Started",0,IF(I30="On Hold",0,IF(I30="Blocked",0,""))))) | M30: =IF(AND(L30<TODAY(),I30<>"Complete",L30<>""),"YES","") | N30: =IF(A30="","",SUMIF(DailyLog[Task ID],A30,DailyLog[Hours]))
A31: =IF(C31="","",COUNTIF(C$14:C31,"<>")) | J31: =IF(I31="Complete",100,IF(I31="In Progress",50,IF(I31="Not Started",0,IF(I31="On Hold",0,IF(I31="Blocked",0,""))))) | M31: =IF(AND(L31<TODAY(),I31<>"Complete",L31<>""),"YES","") | N31: =IF(A31="","",SUMIF(DailyLog[Task ID],A31,DailyLog[Hours]))
A32: =IF(C32="","",COUNTIF(C$14:C32,"<>")) | J32: =IF(I32="Complete",100,IF(I32="In Progress",50,IF(I32="Not Started",0,IF(I32="On Hold",0,IF(I32="Blocked",0,""))))) | M32: =IF(AND(L32<TODAY(),I32<>"Complete",L32<>""),"YES","") | N32: =IF(A32="","",SUMIF(DailyLog[Task ID],A32,DailyLog[Hours]))
A33: =IF(C33="","",COUNTIF(C$14:C33,"<>")) | J33: =IF(I33="Complete",100,IF(I33="In Progress",50,IF(I33="Not Started",0,IF(I33="On Hold",0,IF(I33="Blocked",0,""))))) | M33: =IF(AND(L33<TODAY(),I33<>"Complete",L33<>""),"YES","") | N33: =IF(A33="","",SUMIF(DailyLog[Task ID],A33,DailyLog[Hours]))
A34: =IF(C34="","",COUNTIF(C$14:C34,"<>")) | J34: =IF(I34="Complete",100,IF(I34="In Progress",50,IF(I34="Not Started",0,IF(I34="On Hold",0,IF(I34="Blocked",0,""))))) | M34: =IF(AND(L34<TODAY(),I34<>"Complete",L34<>""),"YES","") | N34: =IF(A34="","",SUMIF(DailyLog[Task ID],A34,DailyLog[Hours]))
A35: =IF(C35="","",COUNTIF(C$14:C35,"<>")) | J35: =IF(I35="Complete",100,IF(I35="In Progress",50,IF(I35="Not Started",0,IF(I35="On Hold",0,IF(I35="Blocked",0,""))))) | M35: =IF(AND(L35<TODAY(),I35<>"Complete",L35<>""),"YES","") | N35: =IF(A35="","",SUMIF(DailyLog[Task ID],A35,DailyLog[Hours]))
A36: =IF(C36="","",COUNTIF(C$14:C36,"<>")) | J36: =IF(I36="Complete",100,IF(I36="In Progress",50,IF(I36="Not Started",0,IF(I36="On Hold",0,IF(I36="Blocked",0,""))))) | M36: =IF(AND(L36<TODAY(),I36<>"Complete",L36<>""),"YES","") | N36: =IF(A36="","",SUMIF(DailyLog[Task ID],A36,DailyLog[Hours]))
... A213: =IF(C213="","",COUNTIF(C$14:C213,"<>")) | J213: =IF(I213="Complete",100,IF(I213="In Progress",50,IF(I213="Not Started",0,IF(I213="On Hold",0,IF(I213="Blocked",0,""))))) | M213: =IF(AND(L213<TODAY(),I213<>"Complete",L213<>""),"YES","") | N213: =IF(A213="","",SUMIF(DailyLog[Task ID],A213,DailyLog[Hours]))

Sheet Lists
A1: Validation Lists
A3: Status | B3: Not Started | C3: In Progress | D3: Complete | E3: On Hold | F3: Blocked
A5: Priority | B5: P1 - Critical | C5: P2 - High | D5: P3 - Medium | E5: P4 - Low
A7: Area | B7: Substation - MV | C7: Substation - LV | D7: HVDB0071 | E7: Doors / Enclosure | F7: Panels | G7: Other
A9: Discipline | B9: Protection | C9: Switchboard | D9: Mechanical | E9: Testing | F9: General
A11: YesNo | B11: Yes | C11: No
A13: Technicians | B13: {=IFERROR(TRANSPOSE(_xlfn.UNIQUE(_xlfn._xlws.FILTER('Daily Log'!B7:B500,'Daily Log'!B7:B500<>""))),"")}
A15: TaskIDs | B15: {=IFERROR(TRANSPOSE(_xlfn._xlws.FILTER('SOW Tasks'!A14:A100,'SOW Tasks'!A14:A100<>"")),"")} -> 1

Sheet Daily Log
D1: Technician Daily Log
D2: Use this to capture daily hours; SOW pulls totals automatically.
A6: Date | B6: Technician | C6: Task ID | D6: Task Summary | E6: Hours | F6: Work Performed / Notes | G6: Client/PM Initials
D8: =IF(C8="","",IFERROR(VLOOKUP(C8,SOWTasks[[ID]:[Task / Scope Description]],3,FALSE),""))
D9: =IF(C9="","",IFERROR(VLOOKUP(C9,SOWTasks[[ID]:[Task / Scope Description]],3,FALSE),""))
D10: =IF(C10="","",IFERROR(VLOOKUP(C10,SOWTasks[[ID]:[Task / Scope Description]],3,FALSE),""))
D11: =IF(C11="","",IFERROR(VLOOKUP(C11,SOWTasks[[ID]:[Task / Scope Description]],3,FALSE),""))
D12: =IF(C12="","",IFERROR(VLOOKUP(C12,SOWTasks[[ID]:[Task / Scope Description]],3,FALSE),""))
D13: =IF(C13="","",IFERROR(VLOOKUP(C13,SOWTasks[[ID]:[Task / Scope Description]],3,FALSE),""))
D14: =IF(C14="","",IFERROR(VLOOKUP(C14,SOWTasks[[ID]:[Task / Scope Description]],3,FALSE),""))
D15: =IF(C15="","",IFERROR(VLOOKUP(C15,SOWTasks[[ID]:[Task / Scope Description]],3,FALSE),""))
D16: =IF(C16="","",IFERROR(VLOOKUP(C16,SOWTasks[[ID]:[Task / Scope Description]],3,FALSE),""))
D17: =IF(C17="","",IFERROR(VLOOKUP(C17,SOWTasks[[ID]:[Task / Scope Description]],3,FALSE),""))
D18: =IF(C18="","",IFERROR(VLOOKUP(C18,SOWTasks[[ID]:[Task / Scope Description]],3,FALSE),""))
D19: =IF(C19="","",IFERROR(VLOOKUP(C19,SOWTasks[[ID]:[Task / Scope Description]],3,FALSE),""))
... D306: =IF(C306="","",IFERROR(VLOOKUP(C306,SOWTasks[[ID]:[Task / Scope Description]],3,FALSE),""))

Sheet Dashboard
C1: SOW Dashboard
C2: At-a-glance progress (driven from SOW Tasks)
A5: Progress Summary
A7: Total Tasks | F7: Complete | K7: In Progress
A8: =COUNT('SOW Tasks'!A14:A212) -> 11 | F8: =COUNTIF('SOW Tasks'!I14:I212,"Complete") -> 4 | K8: =COUNTIF('SOW Tasks'!I14:I212,"In Progress") -> 4
A11: Blocked / On Hold | F11: Overdue | K11: Overall % Complete
A12: =COUNTIF('SOW Tasks'!I14:I212,"Blocked")+COUNTIF('SOW Tasks'!I14:I212,"On Hold") -> 1 | F12: =COUNTIF('SOW Tasks'!M14:M212,"YES") -> 0 | K12: =IFERROR(AVERAGEIF('SOW Tasks'!A14:A212,">0",'SOW Tasks'!J14:J212),0) -> 54.545455
A16: Status | B16: Count
A17: Not Started | B17: =COUNTIF('SOW Tasks'!I14:I212,"Not Started") -> 2
A18: In Progress | B18: =COUNTIF('SOW Tasks'!I14:I212,"In Progress") -> 4
A19: Complete | B19: =COUNTIF('SOW Tasks'!I14:I212,"Complete") -> 4
A20: On Hold | B20: =COUNTIF('SOW Tasks'!I14:I212,"On Hold") -> 0
A21: Blocked | B21: =COUNTIF('SOW Tasks'!I14:I212,"Blocked") -> 1
